label,phi,S,stagger,neck_uc,AR,kappa,E,kappa_std,E_std,nu,nu_std
A_S4.5_d2,36.78,4.5,25.0,1.5,1.0,1.28,42.10869380663853,0.02,1.017752744795417,0.2956329396051917,0.0077909573297216
B_S4_quarter_high,29.570000000000004,4.0,25.0,2.0,1.0,1.82,50.07680349462066,0.04,1.7111620230202729,0.3267526022392067,0.0119493176193114
P1_high_50pct,28.27,4.0,50.0,4.0,1.0,2.59,51.50834396881771,0.02,0.9629661649020114,0.4036344633650233,0.0270761859514785
D_AR2.5_vwide,19.63,3.0,25.0,3.0,2.5,2.69,71.57928865225436,0.1,1.1072789628038398,0.5294981910396519,0.0422996507480837
D_AR2.0_wide,15.93,3.0,25.0,3.0,2.0,3.22,74.97956422817958,0.18,2.081995354020016,0.4241128294052831,0.0560717626469309
B_S4_quarter_low,8.59,4.0,25.0,2.0,1.0,4.39,77.54694306119336,0.14,0.3780915620899481,0.3452004022722019,0.0126774214426322
A_S2_d2,8.54,2.0,25.0,4.0,1.0,4.56,80.3838792258541,0.1,2.227273827531677,0.3561380168204675,0.0301693164853264
B_S4_aligned_low,8.01,4.0,0.0,4.0,1.0,7.06,85.23110601765659,1.14,2.1639956445943493,0.3757933639402139,0.0226172276831612
bulk_si,0.0,0.0,0.0,8.0,1.0,12.03,97.61746160481792,0.29,0.1172276873901411,0.3375704715126321,0.0010216060702588
